danceability,energy,key,loudness,mode,speechiness,acousticness,instrumentalness,liveness,valence,tempo,uri,duration_ms,time_signature,class
0.572,0.532,0,-6.844,1,0.0316,0.214,0,0.284,0.607,76.033,spotify:track:6rZwsNzGS7nq8qILqdM9kX,252267,4,good
0.565,0.437,6,-7.68,0,0.0403,0.194,0.00000714,0.0656,0.217,96.132,spotify:track:5P3yUXUC9rZPJPNmYGKEAz,236733,3,good
0.587,0.525,9,-9.257,0,0.198,0.099,0.00025,0.557,0.323,90.356,spotify:track:3ZGrUoFhNCWmm6sbFAuktX,241320,4,good
0.443,0.157,7,-12.818,1,0.0382,0.757,0,0.113,0.401,139.953,spotify:track:4JuYMhZk1SfhImtaHO3Sh6,194680,3,good
0.537,0.89,5,-5.191,1,0.0488,0.117,0.0000205,0.279,0.597,114.088,spotify:track:2Zd9awmsA8KuF65snhz7YH,231387,4,good
0.342,0.28,0,-11.687,1,0.0312,0.861,0.0000151,0.148,0.226,134.244,spotify:track:1qV1hIUG7rLQPV8pCcJ5mo,244013,4,good
0.514,0.725,2,-6.19,1,0.0375,0.406,0.0000185,0.133,0.294,126.846,spotify:track:2PlN8GPrDTPc1xHncrn0jc,263448,4,good
0.398,0.0933,0,-11.879,1,0.0442,0.958,0.00000463,0.0893,0.185,81.76,spotify:track:1XmdB9Kha5e5H4PfTSmewn,253892,3,good
0.397,0.551,4,-9.734,0,0.0479,0.712,0,0.205,0.599,128.022,spotify:track:6eKdhTtOljXy6wDHhQSbod,172107,4,good
0.599,0.67,5,-5.64,1,0.059,0.169,0,0.633,0.394,105.065,spotify:track:5VF6OStYFWd5QTpxTvDXCU,229307,4,good
0.474,0.544,4,-7.799,1,0.0314,0.549,0,0.108,0.102,75.977,spotify:track:2xtgaxm8J9Jh2rr5M7ZLFJ,188653,4,good
0.661,0.689,7,-4.869,1,0.0431,0.095,0,0.0852,0.778,149.943,spotify:track:3uc0lXsafsoQIhhHzyt58m,186933,4,good
0.58,0.6,0,-8.944,1,0.0443,0.0278,0.452,0.225,0.197,136.028,spotify:track:32DVkbUeXqiQo7Q9vRGOIw,219800,4,good
0.599,0.788,8,-6.25,0,0.0294,0.263,0.00525,0.155,0.581,100.001,spotify:track:1dYw8HTRJnFpeEeMtXj99a,229933,3,good
0.615,0.911,1,-3.584,0,0.0278,0.0686,0.00188,0.0908,0.685,108,spotify:track:1r1fPuhj9H4VdXr7OK6FL5,205400,4,good
0.565,0.603,9,-8.597,1,0.0329,0.324,0.0000487,0.195,0.132,104,spotify:track:0m7mTaFGMiKI3rBJpYknip,233133,4,good
0.58,0.263,10,-10.814,0,0.0487,0.977,0.000197,0.111,0.382,126.442,spotify:track:13hrGHrNVZ2QC6WMu6hdys,214203,4,good
0.599,0.36,5,-10.347,0,0.032,0.633,0.0000544,0.0849,0.0956,130.029,spotify:track:5pLpkaIRobcvPnUmclNv6o,180120,4,good
0.549,0.311,2,-11.015,0,0.0434,0.741,0.0000141,0.306,0.178,87.866,spotify:track:0Hh08dFIrYeC1kBYXr6IkW,228255,4,good
0.715,0.838,2,-6.077,0,0.118,0.0897,0,0.15,0.497,120.007,spotify:track:4Oyl6oYSNeeZZP0OAxPVaU,240080,4,good
0.715,0.744,1,-5.047,1,0.0398,0.0169,0.00787,0.128,0.648,125.949,spotify:track:2wMCXQNJ3gkgFSY9jbQy9i,229822,4,good
0.675,0.78,11,-5.696,1,0.045,0.0143,0.0000155,0.0822,0.86,144.965,spotify:track:6iXHdoxYWDuuacnffO2fzb,187583,4,good
0.596,0.827,5,-4.402,1,0.0372,0.0242,0,0.0958,0.329,115.034,spotify:track:6liNJDyWJjyHAgDnAX95bw,249382,4,good
0.447,0.607,1,-7.717,0,0.0386,0.0199,0.00202,0.104,0.0663,119.934,spotify:track:2irUTCRpTHbAAVadDVWgm1,340280,4,good
0.485,0.562,0,-6.446,1,0.03,0.0544,0.0108,0.151,0.489,170.204,spotify:track:2TXz4iGa6nqrufbz0PaYJP,192840,4,good
0.397,0.215,6,-11.96,1,0.221,0.85,0,0.403,0.229,71.301,spotify:track:6DGfMKCkEMbLECSaATk8xv,185804,4,good
0.664,0.373,4,-8.132,0,0.0346,0.692,0.0000227,0.0941,0.189,86.143,spotify:track:2UonPYDoqpUZxoJUHWCgtP,210369,4,good
0.603,0.601,0,-7.511,1,0.126,0.00225,0.0358,0.123,0.239,103.985,spotify:track:0oH6dm5Mc0zzUfe8NERSvL,262853,4,good
0.549,0.949,2,-4.793,1,0.11,0.0918,0,0.0945,0.631,137.976,spotify:track:2UgmULNYP8iHNmKTn45vnt,172320,4,good
0.509,0.629,0,-6.434,1,0.0335,0.209,0.00000199,0.369,0.237,80.012,spotify:track:0sp00HSXkQyqTa6QqM0O8V,209307,4,good
0.732,0.396,4,-9.348,0,0.0286,0.0841,0.0000358,0.105,0.548,90.024,spotify:track:6i0V12jOa3mr6uu4WYhUBr,195920,4,good
0.254,0.857,11,-4.213,1,0.0604,0.0184,0,0.0767,0.293,92.328,spotify:track:2eQOMQkStoRUQyq6HGh1iG,173093,4,good
0.411,0.581,6,-6.237,0,0.0419,0.669,0.000108,0.1,0.111,169.978,spotify:track:5WZh4sv62fSXNgmhb1aU0C,149897,4,good
0.422,0.406,2,-6.287,0,0.033,0.297,0.0827,0.262,0.0624,155.633,spotify:track:3deUFJzGwnWTsTel4EeEeV,240936,4,good
0.461,0.724,8,-3.809,0,0.0634,0.136,0,0.0513,0.713,145.914,spotify:track:14D7lcBIKIyEnJneOznFUW,184192,4,good
0.658,0.527,2,-5.759,1,0.0275,0.00715,0.000862,0.0879,0.394,111,spotify:track:4AzZwo6ePXKfZni9FWoXmB,273229,4,good
0.436,0.0567,11,-25.65,0,0.158,0.857,0.0000057,0.13,0.379,176.428,spotify:track:7AuVmE2RMpRCKkzNRxziwq,235320,4,good
0.377,0.375,8,-13.364,1,0.0505,0.938,0.0491,0.108,0.0712,122.431,spotify:track:2Czp64BykWyWfIssRXQZvT,249228,4,good
0.662,0.894,1,-4.532,1,0.032,0.0778,0.8,0.166,0.962,116.224,spotify:track:1zsLsChXQ74vOkXfgk1Qs6,161680,4,good
0.593,0.709,0,-10.076,1,0.743,0.895,0,0.11,0.403,72.483,spotify:track:54T03oRpJn36vaglmAgcGw,164827,4,good
0.487,0.961,4,-4.139,1,0.132,0.0415,0.00000115,0.553,0.323,170.005,spotify:track:01pOtDU5YHWbxuNBzlRUem,231680,4,good
0.638,0.819,10,-4.991,0,0.0643,0.0177,0,0.312,0.721,101.031,spotify:track:4vuJuTLFomqItDrn482nzV,187893,4,good
0.67,0.843,1,-4.311,1,0.0454,0.0392,0,0.225,0.713,117.01,spotify:track:6kcHg7XL6SKyPNd78daRBL,192040,4,good
0.629,0.785,2,-4.598,1,0.0274,0.253,0,0.0943,0.607,97.435,spotify:track:7qdgz117gc5StS0u2ViinE,207427,4,good
0.492,0.504,10,-6.322,1,0.0473,0.238,0,0.153,0.262,152.855,spotify:track:6i40XRqEwHAnSxwZWasMRp,203333,4,good
0.561,0.671,7,-5.582,1,0.0338,0.0154,0,0.171,0.278,124.06,spotify:track:2k4yzd3YejgP3kqOo0FOnS,226200,4,good
0.531,0.298,1,-7.414,0,0.0371,0.908,0,0.253,0.309,99.37,spotify:track:4sYPq9v5IglJYKA15xvzwY,202531,4,good
0.511,0.318,10,-9.869,1,0.0293,0.829,0.0142,0.102,0.183,128.083,spotify:track:7iCnvJb4R6hSuvE7G5khoF,224112,4,good
0.648,0.749,10,-4.951,1,0.0354,0.00587,0.00000327,0.0919,0.665,96.033,spotify:track:4s9XmT2POlVOKmxTLm2nwn,215026,4,good
0.589,0.853,10,-2.695,0,0.041,0.00875,0.0000398,0.375,0.527,83.038,spotify:track:2M5tsspfPMadF6LYGGJUp5,239187,4,good
0.543,0.882,7,-3.766,0,0.173,0.00887,0.00997,0.168,0.515,154.883,spotify:track:5UYBFPUFX2QuObt3ZneThM,171813,4,good
0.486,0.892,8,-5.557,1,0.0655,0.00282,0,0.292,0.771,157.003,spotify:track:6YzO1Ndf7fbyPo4njTTAur,169752,4,good
0.507,0.895,6,-5.348,1,0.0545,0.115,0,0.111,0.748,79.046,spotify:track:0ne8iNLplH15M6EtgzPkf0,166744,4,good
0.638,0.75,11,-5.45,0,0.0689,0.013,0.000122,0.0688,0.609,118.009,spotify:track:51RgDZpnVEWHbUMZf26IWB,224627,4,good
0.555,0.716,9,-5.802,1,0.0474,0.00164,0.0348,0.296,0.235,131.985,spotify:track:0tQmp2AjidZ1Fqr1orscTe,232587,4,good
0.457,0.877,0,-5.105,1,0.214,0.000101,0.297,0.109,0.709,168.958,spotify:track:4M1xxMtl43A2JBMYLeF9Gg,214253,4,good
0.515,0.817,2,-4.926,1,0.0678,0.00222,0.000523,0.0669,0.625,153.839,spotify:track:72dqefIxolwyCPj035ZpSf,209387,1,good
0.636,0.485,11,-7.138,0,0.0661,0.249,0.00000296,0.107,0.266,86.979,spotify:track:0IVHlst3XMgzXUJbIyZ8oO,224740,4,good
0.256,0.643,5,-8.525,1,0.0337,0.339,0.00343,0.707,0.253,130.48,spotify:track:1wEMvsq4HOuanwbdn4zEnc,277293,4,good
0.641,0.522,6,-4.755,1,0.0374,0.436,0,0.0701,0.553,136.195,spotify:track:5tAFq1pwlCMMRhMlAo8OoP,169453,4,good
0.531,0.544,0,-8.615,0,0.462,0.308,0.00000189,0.0835,0.398,131.921,spotify:track:3ZLyt2ndLFBh148XRYjYYZ,203794,4,good
0.45,0.414,11,-9.346,1,0.0357,0.0678,0.00403,0.0831,0.124,128.744,spotify:track:6M3AWBqgU1ecPURYNcg9pB,290813,4,good
0.415,0.63,2,-8.703,0,0.0393,0.00699,0.00108,0.153,0.264,128.007,spotify:track:4bzEnd93dLez0WJxsEoTca,256227,4,good
0.59,0.671,9,-6.098,1,0.0706,0.0484,0,0.0604,0.438,149.982,spotify:track:32bqxZEJRJObeNyc8bEiPt,169801,4,good
0.376,0.821,0,-3.974,1,0.104,0.0785,0,0.0823,0.331,120.462,spotify:track:5zUQZjVB6bfewBXWqsP9PY,199453,4,good
0.607,0.909,0,-4.407,0,0.0501,0.0032,0.00000117,0.106,0.687,114.08,spotify:track:4UErgRhgSCTfmSde2FEzsV,233920,4,good
0.307,0.371,3,-8.498,1,0.0288,0.923,0.0253,0.11,0.189,115.241,spotify:track:2kfGoV9a5dbSKCNmUWH2ZF,255893,3,good
0.636,0.554,7,-7.87,1,0.0939,0.0191,0,0.768,0.592,98.497,spotify:track:5b65Mzrv8hBRExQvWE0HjJ,257387,4,good
0.597,0.733,9,-7.768,1,0.101,0.0151,0.0000209,0.081,0.256,128.918,spotify:track:3FQ26GroLnhQEja48FKYqT,234662,4,good
0.61,0.165,8,-14.659,1,0.0502,0.981,0.000544,0.134,0.258,102.68,spotify:track:7sDzAu7alAL1hWvL86tSGB,191560,4,good
0.439,0.469,9,-9.283,1,0.0311,0.395,0.573,0.183,0.193,127.44,spotify:track:7DDRPKLKFIvDbNSQmnz19Y,475093,4,good
0.619,0.78,9,-7.469,1,0.0415,0.0972,0.41,0.122,0.828,114.995,spotify:track:3KXcoBUIpRSaCUMFFNMs8m,274480,4,good
0.709,0.643,10,-5.324,1,0.0385,0.0504,0.0000368,0.283,0.666,103.999,spotify:track:3teZIUI17QEm8Er5wzSHMx,206007,4,good
0.54,0.76,10,-4.855,1,0.0943,0.228,0.000188,0.244,0.295,150,spotify:track:1jbguX18Gtjm0UwVsLRIFT,184320,4,good
0.588,0.727,9,-4.62,1,0.037,0.211,0,0.657,0.386,128.75,spotify:track:1bjFRZio15WLDDQy75JY2r,231227,4,good
0.678,0.414,9,-10.144,0,0.0498,0.366,0.00000378,0.0885,0.355,130.031,spotify:track:3Txcx4jhuiTZSvhAL0WaRc,243133,4,good
0.567,0.644,0,-7.005,1,0.0488,0.434,0.000319,0.463,0.34,108.061,spotify:track:0cQ5y2ycYOR7KrMG752t8Q,204933,4,good
0.583,0.707,10,-5.603,1,0.0348,0.276,0.0000165,0.0922,0.37,122.141,spotify:track:4kZo3Ykh85Sfd2XMmOimsB,213725,4,good
0.637,0.504,5,-4.121,1,0.0798,0.00135,0.000563,0.0688,0.737,135.267,spotify:track:398yyQgNK4gUDUONBlQOYa,183956,3,good
0.714,0.725,4,-6.411,1,0.0402,0.0156,0,0.0726,0.59,99.988,spotify:track:6ihL9TjfRjadfEePzXXyVF,213107,4,good
0.735,0.873,2,-7.372,0,0.244,0.16,0.0000485,0.25,0.38,149.888,spotify:track:3UYhSPI2lVFfbnC6usruPj,187547,4,good
0.74,0.716,6,-5.796,0,0.0609,0.207,0.00000351,0.0926,0.804,117.977,spotify:track:0Vwfd6fxFrL3kCnZSJ9vid,245933,4,good
0.42,0.333,4,-9.366,1,0.0486,0.749,0.0000218,0.11,0.149,114.935,spotify:track:6pm60Fv613rRWDDWf8SH3y,253208,4,good
0.456,0.373,1,-9.441,0,0.0255,0.86,0.0347,0.086,0.105,89.962,spotify:track:02WdKVFWHoEB7NvhhWK1iJ,255716,4,good
0.616,0.334,1,-8.992,1,0.0303,0.956,0.0000145,0.0908,0.434,132.788,spotify:track:53tWgMGtefMvF6KIwY3kM9,196702,4,good
0.266,0.302,0,-10.159,1,0.0331,0.881,0.00428,0.128,0.147,124.733,spotify:track:1lKDEPX8WtSpospLT01asL,341049,3,good
0.763,0.515,0,-8.967,1,0.0268,0.836,0.0000534,0.208,0.808,114.021,spotify:track:3RJ94M75AJUntn8Zj5NLgR,205373,4,good
0.616,0.656,5,-7.298,1,0.0344,0.096,0.000879,0.205,0.286,150.071,spotify:track:3n69hLUdIsSa1WlRmjMZlW,227080,4,good
0.479,0.545,7,-7.346,1,0.0688,0.365,0,0.0963,0.244,74.897,spotify:track:6GmUVqe73u5YRfUUynZK6I,252733,4,good
0.405,0.64,4,-6.374,0,0.144,0.0185,0,0.103,0.265,169.913,spotify:track:1285n66OGGUB3Bnh6c18nS,191808,4,good
0.534,0.568,5,-8.221,1,0.0302,0.205,0.0000947,0.144,0.204,140.047,spotify:track:3xKTpGCsafXzV4muM1Hpl3,253893,4,good
0.591,0.808,9,-6.891,0,0.0452,0.341,0.0000329,0.101,0.544,148.006,spotify:track:6rT1BTeBQvUW7U9JuuGTWv,241933,4,good
0.69,0.608,2,-7.33,0,0.0382,0.147,0.0000238,0.079,0.602,137.141,spotify:track:5UH9wXaUHCZmP2EGZf2Ot4,193133,4,good
0.638,0.831,11,-6.812,0,0.081,0.0263,0,0.0491,0.388,127.975,spotify:track:5ZkAx8zjLiSs1nMmBwJoZS,218093,4,good
0.732,0.81,1,-5.45,1,0.0355,0.000998,0.0832,0.133,0.753,132.962,spotify:track:3kM1Rc8bQDNpAtXCiAhGV5,212253,4,good
0.595,0.723,7,-8.256,1,0.0349,0.047,0.0286,0.0995,0.272,108.043,spotify:track:7BVwi9cIzSc6tpyxsp47vJ,223640,1,good
0.516,0.631,1,-6.796,1,0.0291,0.0273,0,0.233,0.222,89.988,spotify:track:1czmvHRWnCC7cUBOQsxBoa,190320,4,good
0.642,0.721,4,-9.765,1,0.0434,0.196,0.474,0.0926,0.438,124.997,spotify:track:6rsNOeNKdfJNXu44AFctBU,245280,4,good
0.636,0.657,6,-6.246,1,0.0422,0.601,0.0000126,0.0986,0.38,80.027,spotify:track:16tlhh3jNraThY2kgBlG4X,206293,4,good
0.574,0.764,2,-4.797,0,0.228,0.678,0.000974,0.116,0.473,160.044,spotify:track:4URU1lRXhWwZIXuxKI1SuH,221533,4,good
0.489,0.898,5,-4.369,1,0.0365,0.025,0.00000411,0.255,0.763,164.032,spotify:track:2Fh8q3YYsCG0VlNeJ3rb2w,183723,4,bad
0.563,0.772,5,-6.737,1,0.0593,0.00101,0.0000195,0.214,0.394,119.909,spotify:track:4YX7OBp0yoMwC6eZNNg5ky,180243,4,bad
0.384,0.446,11,-7.807,1,0.0299,0.252,0,0.185,0.399,180.181,spotify:track:4Bzs0eTQVVJxBSz4ljzics,191187,3,bad
0.474,0.594,11,-5.756,1,0.0289,0.0292,0,0.133,0.503,86.131,spotify:track:7Il2yWQmsqKgSkLQvHTPUI,195987,4,bad
0.544,0.781,6,-6.16,0,0.0311,0.00585,0,0.191,0.527,144.075,spotify:track:4gB7HrYHbJVJ5RFOjxmoq4,221800,4,bad
0.386,0.799,2,-3.789,1,0.0555,0.201,0,0.103,0.391,86.333,spotify:track:3N2AIfVOq6NiTcWHIP4Oco,213024,4,bad
0.606,0.652,9,-6.982,1,0.0281,0.323,0,0.201,0.476,97.155,spotify:track:2u7Nm46dAujcAi5Rw79CJL,182493,4,bad
0.375,0.574,7,-5.305,1,0.0315,0.143,0,0.11,0.406,132.025,spotify:track:2ZxTjs4EdJl4Y9YByIiNoo,196800,3,bad
0.56,0.679,5,-4.527,1,0.0236,0.123,0.0000246,0.224,0.622,92.928,spotify:track:1Be8liECvEP5NYZjYvukbI,198467,4,bad
0.489,0.9,7,-3.563,1,0.0488,0.0441,0,0.247,0.611,200.054,spotify:track:3IPkbTA8KkdDXyWtGkfFXa,182693,4,bad
0.791,0.715,7,-5.809,1,0.0377,0.353,0,0.115,0.593,112.027,spotify:track:5H4YGepZNnPhnOHA9vZSEP,166787,4,bad
0.687,0.75,11,-4.537,1,0.0965,0.107,0.00000305,0.161,0.911,98.987,spotify:track:7M1PQZeyqslVtY5ZiYBGLo,172534,4,bad
0.588,0.868,10,-4.904,1,0.0384,0.0351,0,0.118,0.559,92.021,spotify:track:4EIW00kTdPSUDOJwkN80x5,183871,4,bad
0.846,0.711,0,-7.939,1,0.061,0.496,0,0.247,0.883,120.013,spotify:track:6UsoV6X96Rox9mfxoz7SFy,197840,4,bad
0.494,0.78,11,-3.825,1,0.064,0.368,0,0.0921,0.664,159.708,spotify:track:2gVBXeTjwL0ZEh9gjsQjk0,211427,4,bad
0.725,0.437,6,-9.602,1,0.0575,0.593,0,0.0842,0.759,83.985,spotify:track:6usHXaTn54uwwozmH00d3X,184080,4,bad
0.643,0.783,10,-6.458,1,0.0856,0.047,0,0.083,0.579,154.084,spotify:track:7iDa6hUg2VgEL1o1HjmfBn,163870,4,bad
0.488,0.637,10,-7.63,1,0.0401,0.265,0,0.106,0.23,88.872,spotify:track:1KTLLe980WR4RLKg74Ud6e,208653,4,bad
0.692,0.692,2,-6.065,1,0.0818,0.189,0,0.0884,0.75,153.255,spotify:track:6QkObBYNxVVUYt4FSpnTqY,160107,4,bad
0.551,0.801,6,-5.069,1,0.0303,0.013,0.00000603,0.265,0.625,128.027,spotify:track:1mMLMZYXkMueg65jRRWG1l,240760,4,bad
0.716,0.718,0,-5.355,1,0.0293,0.0896,0,0.473,0.537,100.934,spotify:track:7rdK9NSJIRBZAiXC0vuBS9,185707,4,bad
0.707,0.632,10,-7.031,1,0.0789,0.103,0.0000109,0.0841,0.372,97.04,spotify:track:09ts3GnICqYEU5PkQCpJK3,278893,4,bad
0.564,0.904,7,-3.808,1,0.0582,0.00719,0,0.528,0.637,124.102,spotify:track:2BgunkkepMPFpArQj1Dx5s,160991,4,bad
0.587,0.863,4,-4.803,1,0.04,0.161,0,0.159,0.537,160.167,spotify:track:2N2EoS0dVmkNT0tfI0OYUA,184156,4,bad
0.543,0.836,6,-5.477,1,0.055,0.00909,0,0.162,0.695,120.071,spotify:track:0TiyDTDc569zUUa9wyiRD7,178772,4,bad
0.599,0.931,11,-3.662,1,0.0517,0.0285,0,0.102,0.788,111.012,spotify:track:2p2cCrOaNrIOLk5ArtlHy6,180302,4,bad
0.501,0.876,3,-4.792,1,0.0404,0.0106,0,0.135,0.681,159.025,spotify:track:5gfK6bZFaApxdSHsHXrwPD,175493,4,bad
0.659,0.902,7,-6.192,1,0.0296,0.13,0.0000945,0.0574,0.809,124.985,spotify:track:77a5Eu7lC3tG0Sukt2O91U,230013,4,bad
0.603,0.625,6,-6.563,1,0.0258,0.302,0,0.141,0.651,96.02,spotify:track:0Is6MRHWKe7y2xIxDkvO6l,192920,4,bad
0.557,0.571,10,-8.106,1,0.0281,0.476,0.00114,0.101,0.392,80.981,spotify:track:5slddJ629YcePvqD6Uyk8r,219600,4,bad
0.687,0.625,1,-6.942,0,0.0284,0.042,0,0.151,0.866,104.027,spotify:track:7AK5vh1cRnO3YxAjOjL4Yy,195418,4,bad
0.492,0.681,6,-7.038,1,0.075,0.143,0,0.199,0.511,178.01,spotify:track:1mJMD1VIQ7jWTP9DK2zmY0,212445,4,bad
0.474,0.583,4,-7.093,1,0.0469,0.00651,0,0.128,0.366,148.051,spotify:track:0wyja8xD9cNhDtfuY0dVMP,195667,4,bad
0.434,0.831,8,-4.774,1,0.0453,0.0651,0,0.119,0.596,156.034,spotify:track:6CyJlVAEFlNdpggOLanytL,185440,4,bad
0.597,0.721,9,-6.422,1,0.0356,0.0362,0,0.0832,0.437,132.054,spotify:track:6LF5IVPG7xBcvPgI6Bfcsl,149293,4,bad
0.631,0.658,5,-5.313,1,0.0281,0.144,0,0.22,0.7,80.996,spotify:track:2Nc8Imt04W3ZmcBF8dPQKc,227573,4,bad
0.51,0.386,1,-8.391,1,0.0307,0.456,0,0.252,0.266,86.36,spotify:track:7uVkYr8gxcPEgqohvynpdN,199436,4,bad
0.59,0.881,6,-2.898,1,0.0349,0.0913,0,0.157,0.734,129.928,spotify:track:3LhzpgimYSZhTx5KuchwVX,196240,4,bad
0.49,0.88,7,-5.185,1,0.0731,0.081,0,0.103,0.493,91.93,spotify:track:1dbRZljBhUrIFrpLTXOXqq,170440,4,bad
0.663,0.738,7,-5.48,1,0.0303,0.032,0.000225,0.0856,0.825,130.02,spotify:track:30MM5jWpUmOxtTNd9Ey5LZ,157080,4,bad
0.549,0.751,9,-5.423,1,0.0299,0.122,0,0.208,0.493,89.953,spotify:track:3I7krC8kr0gFR7P6vInR1I,234306,4,bad
0.526,0.85,10,-4.47,0,0.0313,0.023,0,0.0948,0.338,141.973,spotify:track:3yHTTHbT058Ow0favhZO38,184173,4,bad
0.557,0.807,7,-5.428,1,0.0825,0.189,0,0.234,0.578,81.045,spotify:track:5Zx1zVpDJsNgyY3HvNfsfC,171493,4,bad
0.617,0.482,0,-5.121,1,0.0322,0.204,0,0.216,0.508,81.73,spotify:track:6W4DY8jGf8POlFsMQhR2E6,253084,4,bad
0.636,0.784,2,-6.01,1,0.0454,0.00766,0.0000107,0.0806,0.613,96.996,spotify:track:0ya80Qhw7hgeJp2L6zvxcj,207053,4,bad
0.582,0.568,1,-6.051,1,0.0297,0.196,0,0.0841,0.64,76.025,spotify:track:3T6MAweakkNrMYs8jZIWtg,207187,4,bad
0.588,0.408,3,-8.662,1,0.0237,0.113,0,0.13,0.484,85.008,spotify:track:0OWZFobGSIW9GrSlQ9C5pc,205453,4,bad
0.603,0.872,6,-3.563,1,0.0487,0.102,0,0.0505,0.594,94.008,spotify:track:52K3RIVDetSuZPzcTmIVoY,188013,4,bad
0.677,0.556,9,-6.544,1,0.0306,0.263,0,0.105,0.521,80.009,spotify:track:1HXy5I3HTWq8OvxCn0z7G7,179507,4,bad
0.504,0.472,9,-6.925,1,0.0404,0.54,0,0.306,0.313,73.521,spotify:track:4pYd8dIohiqc3KsxSRqf0w,216993,4,bad
0.555,0.722,11,-6.005,1,0.034,0.119,0,0.0861,0.559,134.058,spotify:track:6RSNKGdv3nDTHqgw4bdzyF,216960,4,bad
0.755,0.599,8,-5.042,1,0.224,0.147,0,0.109,0.755,133.123,spotify:track:10Igtw8bSDyyFs7KIsKngZ,216632,4,bad
0.777,0.657,1,-6.434,1,0.237,0.000738,0.00000334,0.0932,0.245,189.992,spotify:track:739vCwA3EpBSkk3uDsI2wB,226107,4,bad
0.708,0.648,6,-5.626,1,0.0449,0.0956,0,0.134,0.338,143.955,spotify:track:45Egmo7icyopuzJN0oMEdk,201707,4,bad
0.748,0.546,8,-8.134,1,0.106,0.59,0,0.112,0.413,140.005,spotify:track:7wrDRQgHlvDnimrRHfQZxt,220880,4,bad
0.635,0.9,0,-3.719,0,0.0377,0.00664,0.0145,0.37,0.15,127.978,spotify:track:6RnkFd8Fqqgk1Uni8RgqCQ,202500,4,bad
0.626,0.88,9,-2.384,0,0.0504,0.205,0,0.128,0.534,95.079,spotify:track:08bNPGLD8AhKpnnERrAc6G,202621,4,bad
0.804,0.823,11,-3.496,0,0.147,0.00523,0.00000277,0.168,0.619,98.026,spotify:track:6y68QK2SwC38YxsbxHrA8I,199945,4,bad
0.758,0.448,7,-9.441,1,0.103,0.0309,0.0000867,0.558,0.373,77.176,spotify:track:2XW4DbS6NddZxRPm5rMCeY,198960,4,bad
0.471,0.755,11,-6.612,0,0.0455,0.00836,0,0.368,0.512,154.801,spotify:track:3pIigjAWkzwAonXpJ1fmSF,224027,4,bad
0.818,0.563,2,-8.096,1,0.398,0.0253,0,0.0909,0.486,152.108,spotify:track:6J3YPOejivwLSjM2dru5Ad,210675,4,bad
0.882,0.503,11,-6.618,1,0.179,0.224,0,0.108,0.176,95.011,spotify:track:0gD6lWJhbXHWNVwQziSVvl,175511,4,bad
0.68,0.738,6,-4.881,0,0.0331,0.173,0.00036,0.37,0.675,105.015,spotify:track:4v0CuFW0bEMBQ1gRn2mB3X,190720,4,bad
0.58,0.531,5,-6.631,0,0.0776,0.128,0.000127,0.143,0.141,159.786,spotify:track:1OmcAT5Y8eg5bUPv9qJT4R,218320,4,bad
0.868,0.752,1,-6.786,1,0.0667,0.00189,0.0000169,0.142,0.874,149.987,spotify:track:3s3VVLE1kB7Xk2AoJKlGmr,217560,4,bad
0.671,0.834,1,-3.928,0,0.0885,0.0387,0,0.454,0.454,113.021,spotify:track:1HagMz5nWk1HmevNCBOxF3,190921,4,bad
0.676,0.775,0,-6.369,0,0.168,0.0264,0,0.123,0.402,104.913,spotify:track:67BEhVyQPe661gMYUyEhLw,171000,4,bad
0.755,0.536,8,-5.605,1,0.12,0.114,0,0.0282,0.882,138.969,spotify:track:33KJ2xFYONOlIYDBg6wPx8,198040,4,bad
0.907,0.61,1,-6.716,1,0.0886,0.407,0.00000306,0.129,0.963,112.011,spotify:track:3gsOAmZ9E4XlyQvzIKJT8d,195960,4,bad
0.839,0.902,1,-3.612,0,0.0536,0.0868,0.00257,0.272,0.639,114.953,spotify:track:42tFTth2jcF7iSo0RBjfJF,189050,4,bad
0.749,0.85,0,-4.346,1,0.0468,0.0319,0.0000481,0.0678,0.672,145.983,spotify:track:5EzitieoPnjyKHAq0gfRMa,190423,4,bad
0.661,0.725,6,-4.859,1,0.0563,0.0253,0,0.123,0.605,119.927,spotify:track:18W92Zm1KjLCbUIszOhpkD,197939,4,bad
0.716,0.805,4,-3.839,1,0.0856,0.014,0.0000031,0.291,0.719,142.886,spotify:track:6tHWl8ows5JOZq9Yfaqn3M,133995,4,bad
0.573,0.688,6,-7.303,1,0.0372,0.0312,0,0.0962,0.189,110.739,spotify:track:7rKCmo4SZhKubupJdsuM5S,331125,4,bad
0.755,0.649,5,-7.573,0,0.0303,0.0928,0.000177,0.0939,0.734,104.022,spotify:track:7uvDJFly0TCWWsK48NI1fx,226120,4,bad
0.534,0.784,0,-6.542,1,0.0476,0.125,0.00000892,0.0753,0.251,118.011,spotify:track:0WWUC8RjWvuBTkiiFDxyQf,246933,4,bad
0.615,0.592,7,-7.676,1,0.065,0.00216,0,0.0809,0.196,86.994,spotify:track:4hPxXTBcUoEQjedrVPXelB,194147,4,bad
0.345,0.775,9,-7.879,0,0.0621,0.00983,0.000421,0.242,0.269,150.02,spotify:track:0ZoNpycWGCmmXQ5JJxzSlH,247617,4,bad
0.784,0.58,0,-6.656,1,0.167,0.176,0,0.0979,0.338,76.484,spotify:track:0qFX9pVJQB4lBMxRoFXqGr,236944,4,bad
0.897,0.632,4,-6.097,0,0.296,0.0497,0.00000796,0.111,0.499,151.99,spotify:track:4VmcVEuTlYnWcc6QksaLyw,176842,4,bad
0.901,0.529,8,-7.94,1,0.413,0.0679,0,0.536,0.343,144.941,spotify:track:3ZYwSDF9knZI0RVlKR4PHC,183809,4,bad
0.922,0.581,10,-7.495,1,0.27,0.00104,0.0000586,0.105,0.595,140.022,spotify:track:4qKcDkK6siZ7Jp1Jb4m0aL,181263,4,bad
0.712,0.829,1,-4.707,0,0.141,0.0149,0,0.122,0.593,173.953,spotify:track:2yUbCEiaolfSMluDo9RMmG,332301,4,bad
0.964,0.555,5,-6.245,0,0.0499,0.0301,0.000567,0.128,0.338,130.017,spotify:track:0TFVOjSvPTjFHkiZZekK5k,218261,4,bad
0.733,0.678,6,-7.771,1,0.439,0.121,0,0.345,0.841,175.984,spotify:track:4lTiuD1DwBKo4L7wqMkD7C,144149,4,bad
0.88,0.61,9,-5.257,1,0.402,0.196,0,0.105,0.383,135.993,spotify:track:2xCzUIQwX5Y3wEFJnHoc3J,170000,4,bad
0.667,0.723,5,-4.31,0,0.27,0.0455,0.000179,0.213,0.251,148.057,spotify:track:6tarvNiKnEjYMj1VZhlDqR,153475,4,bad
0.871,0.552,4,-4.953,0,0.0509,0.128,0,0.272,0.27,141.973,spotify:track:5NkfVQS8BkceRgoSQwcW6H,273087,4,bad
0.851,0.666,11,-5.334,0,0.0694,0.139,0,0.105,0.0585,134.068,spotify:track:5Qx9hngUBr30JFrNua7yp4,129105,4,bad
0.781,0.81,10,-4.301,0,0.356,0.738,0,0.144,0.908,173.949,spotify:track:365wwIjijQdlRJEjUWTidq,234667,4,bad
0.799,0.325,2,-9.91,1,0.506,0.0326,0.0000353,0.114,0.233,157.966,spotify:track:1pWeQDyW5ieMmfjr8HP5TU,185200,4,bad
0.512,0.121,9,-19.46,1,0.0338,0.991,0.74,0.0726,0.298,69.981,spotify:track:3FBk3DcCOC5gkhX50rbHbC,172457,4,bad
0.356,0.0199,6,-26.752,0,0.0645,0.994,0.956,0.155,0.326,79.547,spotify:track:1hYEnW3hjGnnvTuEUlAD6h,174375,4,bad
0.161,0.00613,0,-38.027,1,0.039,0.994,0.846,0.0895,0.0363,74.671,spotify:track:7gpL5CorPuYBthvZkPPFGd,138798,1,bad
0.786,0.669,1,-8.273,0,0.0669,0.000728,0,0.0346,0.832,77.177,spotify:track:1mB5iZe1OrN9gYZtLOklI6,230880,4,bad
0.68,0.878,8,-3.923,0,0.0554,0.0744,0,0.137,0.769,169.987,spotify:track:3YbtjYddK11NTDdUpC4nGp,225395,4,bad
0.728,0.5,4,-6.214,0,0.0344,0.0749,0.00000584,0.108,0.382,138.528,spotify:track:260F1LrhRMiuXOZIaypMZd,283427,4,bad
0.66,0.679,2,-6.749,1,0.111,0.0224,0,0.0945,0.595,164.11,spotify:track:26IEVYmeFletNA10cOkdBb,243174,4,bad
0.747,0.657,7,-5.993,1,0.0525,0.217,0,0.0844,0.725,96.286,spotify:track:2nkuZha8Oe9puQ8ZX1P9ha,216477,4,bad
0.677,0.74,2,-6.528,1,0.0243,0.242,0.0146,0.105,0.679,110.193,spotify:track:2N60TAtXaCbmi7zqdUoW61,237961,4,bad
0.561,0.507,0,-8.628,1,0.294,0.607,0,0.618,0.484,82.719,spotify:track:42lKCQOl2TQpB4HTjKDpQ7,209147,4,okay
0.576,0.848,0,-4.843,1,0.0478,0.00856,0.00362,0.351,0.505,120.043,spotify:track:4S7BYX9wxfprr3OSZMozxL,223082,4,okay
0.303,0.459,5,-7.577,0,0.0325,0.0204,0.000531,0.153,0.101,78.861,spotify:track:6Np3Ntxmj4yl9y3eVB7Esr,157373,4,okay
0.574,0.547,0,-8.134,1,0.0435,0.607,0.00000209,0.0762,0.236,118.14,spotify:track:30AeH6saju8WPJo73cKZyH,213937,4,okay
0.55,0.689,1,-6.478,1,0.0929,0.0834,0.000727,0.104,0.179,160.056,spotify:track:577Jd6UW9FUqUF6StozHkl,261867,4,okay
0.532,0.814,4,-6.078,0,0.0347,0.00396,0.11,0.339,0.506,104.009,spotify:track:28Apu5sWHoaZoeMCAWK2V1,284770,4,okay
0.292,0.71,2,-6.386,1,0.0495,0.000805,0.0292,0.272,0.205,141.415,spotify:track:7g4aRiQH7AN07x1Y2eCIuh,232242,4,okay
0.544,0.81,6,-4.427,1,0.164,0.0824,0.00000224,0.312,0.85,147.13,spotify:track:0p9E7l00TBA1aqmhElZoLx,240547,4,okay
0.565,0.73,1,-4.54,1,0.031,0.0879,0,0.0652,0.408,82.058,spotify:track:0oPDrdHQwkjaT0aytZavUO,236773,4,okay
0.59,0.306,7,-4.953,1,0.0299,0.764,0,0.148,0.316,142.418,spotify:track:61IsztUa3EPy7L0VyfUCAg,257973,4,okay
0.544,0.774,5,-4.21,0,0.0339,0.00682,0,0.135,0.522,174.121,spotify:track:1oew3nFNY3vMacJAsvry0S,193733,4,okay
0.447,0.206,3,-11.75,1,0.0519,0.956,0.00000456,0.107,0.327,66.734,spotify:track:7fkXzzIVo98CgjOkpd9H0V,240791,4,okay
0.478,0.181,11,-8.731,1,0.0327,0.975,0.00000337,0.0795,0.279,108.346,spotify:track:2EDYchd8hhwAOWKGQxJoro,240427,4,okay
0.529,0.68,1,-6.841,1,0.151,0.437,0,0.0651,0.367,91.961,spotify:track:1WbYFNSUNn9fP1x0Z5DU95,253200,4,okay
0.73,0.585,0,-9.274,1,0.0238,0.375,0.0101,0.147,0.721,100.021,spotify:track:0fxGA5lxrdYNYoE7yJxTNZ,260560,4,okay
0.466,0.48,0,-9.338,0,0.052,0.851,0.00000185,0.147,0.148,125.732,spotify:track:19fa8ArO30mgVcMsINZwY3,264125,4,okay
0.481,0.267,0,-8.588,1,0.0322,0.759,0,0.156,0.397,106.143,spotify:track:6Qk1YmTx5VyaAEDK2UuBrj,198000,4,okay
0.456,0.241,4,-8.922,0,0.0427,0.915,0,0.0769,0.458,121.96,spotify:track:5RWXdxMbRBChlO4pO4YCeY,210500,4,okay
0.684,0.695,9,-6.895,0,0.0281,0.0592,0,0.0803,0.571,94.985,spotify:track:5NyKVX8H9RUSbp1FbjaW4S,193158,4,okay
0.561,0.539,11,-6.932,1,0.039,0.457,0,0.105,0.361,147.885,spotify:track:46l8HFMVXwyVsT7xBr4qD7,249834,4,okay
0.764,0.579,5,-5.086,0,0.0366,0.00694,0.000654,0.0305,0.975,100,spotify:track:1leXuBiWQMgbvOIIedqbLB,223187,4,okay
0.396,0.282,1,-12.096,1,0.0434,0.956,0.00817,0.0932,0.134,72.781,spotify:track:6AkLsGPDOd9HnHJU8gWNWC,217750,4,okay
0.657,0.757,4,-7.341,1,0.0293,0.0199,0.000146,0.123,0.409,119.863,spotify:track:2CtZNEkrdSFBwpyEfTHP6G,245333,4,okay
0.774,0.587,6,-6.498,0,0.032,0.0787,0.0000027,0.105,0.237,125.065,spotify:track:0PPXEgevjLKKso0QVhEFZ4,220152,4,okay
0.435,0.203,3,-8.426,1,0.0359,0.965,0.0000811,0.101,0.182,100.67,spotify:track:0G7zUWU575zYyHCrOy14yz,205375,4,okay
0.67,0.576,0,-10.585,1,0.236,0.0782,0.0000423,0.61,0.442,113.032,spotify:track:2yeZrAbM8akDR4XtFVQjvK,143427,4,okay
0.706,0.286,4,-8.226,1,0.0402,0.914,0,0.0919,0.178,114.877,spotify:track:2iShskSFq8kd4VapEZTvhj,232013,4,okay
0.731,0.311,4,-14.939,0,0.0892,0.598,0.00000168,0.111,0.574,82.366,spotify:track:1qfDfZAvrkSAFrAR2FTQDv,121080,4,okay
0.562,0.479,7,-7.233,1,0.0278,0.036,0.000126,0.0562,0.113,140.051,spotify:track:48QYP8a8gEqbtvjOTMSpiD,383507,3,okay
0.458,0.51,10,-10.424,0,0.0409,0.335,0.00425,0.105,0.275,193.948,spotify:track:2ysXuQd8uOfSMZcMRR5Ux4,196747,4,okay
0.266,0.74,10,-7.972,0,0.0788,0.0513,0.00426,0.162,0.5,48.578,spotify:track:1kBM7AURqQTIXFePNVpEwP,198613,4,okay
0.509,0.527,11,-6.776,0,0.0348,0.239,0.0041,0.102,0.288,128.974,spotify:track:66H8Pon5ZiRE4p8W4OOf6I,206464,5,okay
0.262,0.28,9,-9.433,0,0.0283,0.869,0.00768,0.108,0.038,94.985,spotify:track:4wiw9LcroyooWx1G94TvCW,175510,4,okay
0.522,0.761,7,-7.032,1,0.0605,0.00206,0.000961,0.104,0.67,164.265,spotify:track:4aaHMLV4RTwA4fCMwnOlVJ,229867,4,okay
0.658,0.196,2,-15.133,1,0.0308,0.152,0.0000125,0.11,0.0387,103.88,spotify:track:4AJCvixc4oYfsD8n66JUBw,156680,4,okay
0.339,0.707,0,-5.121,0,0.0428,0.0113,0,0.337,0.359,173.993,spotify:track:3UhxppZQkfk9WniMtjpESF,183808,4,okay
0.635,0.53,9,-7.661,0,0.0432,0.518,0.0000455,0.132,0.185,128.943,spotify:track:1ucLr8unhoIDpNUrm3veN8,236209,4,okay
0.598,0.764,5,-7.482,1,0.0305,0.0839,0.041,0.632,0.657,127.085,spotify:track:4Db2yfChLn45oEI4HbXYfK,176747,4,okay
0.332,0.311,9,-9.568,1,0.0302,0.871,0,0.136,0.442,90.242,spotify:track:6KZ7duCkaniteGwmqz5ors,183333,4,okay
0.831,0.233,2,-12.227,0,0.439,0.283,0,0.192,0.514,159.827,spotify:track:1Z4UKak2eNteHFZkwiYPNz,217613,4,okay
0.532,0.882,0,-4.498,1,0.0547,0.0711,0.00888,0.555,0.698,124.102,spotify:track:37IRXXvOKvzHmwU3sJPhJd,218187,4,okay
0.332,0.852,9,-5.244,1,0.13,0.411,0,0.235,0.212,118.388,spotify:track:6gP7yhCLvUzdh6YOHbLVUv,196987,4,okay
0.523,0.73,9,-5.162,0,0.0311,0.000693,0.0000145,0.0675,0.0833,124.043,spotify:track:2nf8ohkhXTo5SRlcugeYBk,216733,4,okay
0.668,0.502,2,-5.408,1,0.0272,0.574,0,0.201,0.475,119.991,spotify:track:0f8AJ9aUHn4uCxHRs43gv6,212907,4,okay
0.588,0.6,9,-5.679,1,0.0292,0.0529,0.00000306,0.0858,0.23,77.98,spotify:track:3QlGBcAlEFwona8in9f8zY,208333,4,okay
0.395,0.508,0,-8.616,1,0.0633,0.544,0.00000602,0.0855,0.153,118.294,spotify:track:28GInoKi1prqHpfpo5E9Sa,183907,4,okay
0.703,0.922,1,-2.114,0,0.0343,0.0156,0.0000442,0.0686,0.969,126.98,spotify:track:0szn6232bFWU4HceuGNQyn,181333,4,okay
0.214,0.723,6,-5.268,1,0.0518,0.0512,0,0.354,0.682,77.517,spotify:track:0qmMRMyKXgVIx8Vv678Re6,207247,4,okay
0.6,0.849,11,-4.198,1,0.0284,0.119,0,0.299,0.821,97.616,spotify:track:49oUUzxP8SeQ65PaZ6ZVdY,205039,4,okay
0.599,0.805,8,-5.716,1,0.0401,0.0376,0,0.0337,0.597,90.119,spotify:track:0wAbE8PmaALSdGEpfOuk6J,190624,4,okay
0.556,0.763,6,-3.952,0,0.0413,0.000728,0.00000679,0.071,0.814,138.986,spotify:track:6jrMVRReY24qzCfe1BRrww,191400,4,okay
0.708,0.624,3,-5.721,0,0.215,0.0704,0,0.161,0.502,78.028,spotify:track:3oRLZ8I6wjEhY31iA60eF2,240080,4,okay
0.767,0.597,11,-7.476,0,0.358,0.097,0,0.145,0.669,91.025,spotify:track:16i8CGBee6mhoXmUyEBOZH,308960,4,okay
0.639,0.795,2,-5.005,0,0.0523,0.0487,0.0005,0.128,0.361,130.082,spotify:track:67CY1sdwFSvQQLcEajOj6C,240000,4,okay
0.529,0.841,6,-5.304,1,0.0787,0.208,0.00807,0.122,0.337,149.857,spotify:track:6lWT2iiPfzUiqFMNyFnR4b,228800,4,okay
0.757,0.786,2,-6.09,1,0.0453,0.0226,0.0000299,0.109,0.578,127.911,spotify:track:5dbgfhQpLiycbirhH3dJdh,228747,4,okay
0.578,0.834,7,-5.804,1,0.123,0.128,0.00291,0.0883,0.479,159.871,spotify:track:3bOfawOrDpk59qq9iuvJdw,321000,4,okay
0.638,0.52,7,-6.708,1,0.0271,0.654,0.0000118,0.24,0.537,95.92,spotify:track:310BgC3S2W0Cl8w0OmyS3n,185867,4,okay
0.717,0.444,10,-6.889,1,0.0335,0.578,0,0.134,0.647,139.042,spotify:track:2MB14VodxAdlDX5j9OGQps,267743,4,okay
0.622,0.641,7,-4.96,1,0.0418,0.0279,0,0.117,0.422,127.959,spotify:track:5HskLRdpkMp8OFiJCsisAN,191639,4,okay
0.204,0.328,10,-8.841,1,0.0353,0.0794,0.000156,0.207,0.105,159.225,spotify:track:17rZfMLMTRmRZWw30MdbXQ,443240,4,okay
0.189,0.317,10,-8.631,1,0.028,0.812,0.0719,0.214,0.251,84.809,spotify:track:5QWex1FyG3NhqIfJsJUqxj,158654,4,okay
0.409,0.666,9,-5.2,0,0.0423,0.253,0.00000719,0.586,0.378,160.047,spotify:track:7Iaf5V2TMb4cpKr5zn50k3,278440,4,okay
0.381,0.844,5,-7.123,1,0.144,0.0131,0,0.318,0.239,194,spotify:track:1MSM3Fo2fvnwVqMcz8Jhjq,223880,4,okay
0.492,0.116,2,-15.15,0,0.0379,0.899,0.00000193,0.0889,0.434,111.787,spotify:track:6XQHlsNu6so4PdglFkJQRJ,149707,4,okay
0.622,0.717,1,-9.047,0,0.0419,0.00172,0.00721,0.809,0.408,120.027,spotify:track:51S2wDXrAYA25BbxfkTIWd,297267,4,okay
0.67,0.365,0,-10.158,1,0.0564,0.525,0,0.0575,0.45,119.342,spotify:track:2dR5WkrpwylTuT3jRWNufa,147147,4,okay
0.614,0.379,4,-10.48,1,0.0476,0.607,0.000464,0.0986,0.201,107.989,spotify:track:1HNkqx9Ahdgi1Ixy2xkKkL,258987,4,okay
0.37,0.0563,0,-11.616,1,0.036,0.955,0,0.114,0.222,132.523,spotify:track:2oQE2cYlz7WLIqW9OEsoNw,237907,4,okay
0.452,0.322,3,-9.224,1,0.0319,0.218,0.0000068,0.0893,0.321,127.928,spotify:track:3PGZPrE1MR6LHBmGQDQjW1,270440,3,okay
0.433,0.814,0,-6.398,1,0.0302,0.00884,0.0000465,0.131,0.71,148.005,spotify:track:6PRujayXxS5UK0Y4VrB6r3,218240,4,okay
0.701,0.509,0,-6.066,1,0.0695,0.671,0,0.0554,0.473,86.96,spotify:track:4hGgIRtsp9nvgMCmUz0n37,195848,4,okay
0.415,0.528,4,-7.564,1,0.0293,0.088,0.00595,0.0746,0.0479,105.217,spotify:track:1Hg2egRryMkCdXqXmXki3A,340253,4,okay
0.451,0.454,9,-8.862,1,0.0674,0.666,0,0.54,0.398,140.409,spotify:track:76wxxZfJeLNZbLO8IBCL80,236093,4,okay
0.416,0.625,6,-7.277,1,0.0533,0.00246,0.0000283,0.0915,0.297,124.81,spotify:track:53DDdIBN3Sjizj9glgErkH,306587,4,okay
0.614,0.799,0,-6.612,0,0.0398,0.0419,0.0119,0.0709,0.0851,99.998,spotify:track:141K1xJ176S0U6PPkc4Nee,226307,4,okay
0.626,0.741,2,-6.874,0,0.0929,0.416,0,0.137,0.208,87.981,spotify:track:1ISsiC4Fw6f96kZQegLGiJ,198253,4,okay
0.618,0.855,8,-6.697,1,0.0275,0.0852,0.00104,0.191,0.81,105.012,spotify:track:0CMAoEXWFRqf4yCyRGVpf3,240933,4,okay
0.564,0.616,4,-8.02,1,0.037,0.303,0.108,0.0921,0.397,175.974,spotify:track:0IMA4u3WltqMsJonirkvu2,254320,4,okay
0.327,0.269,4,-12.912,1,0.0339,0.825,0.000234,0.108,0.0857,141.514,spotify:track:5Z2TvUNflVYGsoFGkvAKzE,292693,4,okay
0.711,0.636,10,-7.367,1,0.0536,0.226,0.000209,0.247,0.965,95.417,spotify:track:1Cf6rQKZzKf9c0DdzCAadJ,221413,4,okay
0.52,0.871,10,-7.151,1,0.0406,0.0321,0.00000169,0.12,0.284,129.94,spotify:track:1Cy7Naa54d9lWFSOXLGRow,287720,4,okay
0.701,0.723,0,-6.359,1,0.0331,0.0205,0.000229,0.11,0.492,104.975,spotify:track:4BryHK1tKl72QIrwD2j5Wu,214280,4,okay
0.725,0.833,4,-4.71,0,0.0389,0.0189,0.0000354,0.115,0.76,114.995,spotify:track:2QXPS9L4JtG9yL1wz2fClv,193213,4,okay
0.462,0.452,10,-8.77,0,0.03,0.747,0.5,0.164,0.288,120.077,spotify:track:5JcQ9u8j1HuaMqFvOulxLY,211511,4,okay
0.432,0.72,1,-6.297,1,0.0355,0.0287,0.0103,0.178,0.534,186.766,spotify:track:4OOyte7lHJumYvF0vL3jpq,192480,4,okay
0.781,0.587,5,-6.616,0,0.0435,0.187,0,0.0662,0.903,149.936,spotify:track:0xyl4szEsXP3K90rhNwY0Y,294400,4,okay
0.516,0.387,2,-6.903,1,0.0263,0.221,0,0.118,0.224,80.993,spotify:track:44MxLl0QkF0EuDN5JovJrW,234600,4,okay
0.233,0.629,9,-7.674,1,0.0374,0.0434,0.00242,0.356,0.0647,117.891,spotify:track:20dyDdutlGUpKffvWOLpni,258599,4,okay
0.369,0.417,0,-5.95,1,0.0415,0.667,0,0.0778,0.342,93.256,spotify:track:1E87WkhGXw3iOn5b44NJRr,196109,4,okay
0.61,0.22,5,-9.962,1,0.0293,0.89,0.00000516,0.111,0.212,135.055,spotify:track:1a2UGfluPyrXHTbL1NeFbR,216120,3,okay
0.731,0.813,0,-3.811,1,0.0344,0.0652,0.000559,0.111,0.472,127.994,spotify:track:4TA2nSix6i8K2VV9wt6rUn,216180,4,okay
0.312,0.789,0,-6.29,1,0.0615,0.0251,0.0000105,0.186,0.82,176.745,spotify:track:3f9Vq2NkEErxgbToSAztFD,202200,4,okay
0.768,0.402,5,-9.624,1,0.0389,0.0417,0.0431,0.0866,0.28,144.94,spotify:track:2nee1ADU7skh07cCf7xq8C,215346,4,okay
0.731,0.293,8,-9.382,1,0.0336,0.0923,0.009,0.121,0.221,137.924,spotify:track:2DyOeiu42RDou7a8bAK7o0,222733,4,okay
0.664,0.732,7,-5.44,1,0.0397,0.221,0.00000202,0.234,0.453,95.057,spotify:track:0Bbh7ZL2lakTqTxY9xT4hn,194262,4,okay
0.65,0.956,4,-4.113,1,0.0564,0.0153,0.0000386,0.364,0.672,104.018,spotify:track:00W9ea9Nm5wZwxhylHawS4,156960,4,okay
0.823,0.518,10,-7.543,1,0.0343,0.477,0.0000254,0.0967,0.384,120.021,spotify:track:0q4raLNCH5LSXKpSLWjx43,241916,4,okay
0.525,0.707,1,-5.271,1,0.247,0.317,0.0000043,0.117,0.691,81.326,spotify:track:3DlXjF3LnofA7sp7RToEOW,248373,4,okay
0.708,0.559,6,-8.001,1,0.366,0.455,0.000832,0.113,0.742,148.103,spotify:track:3LtGNbHD1RWH1KgPBzYaPF,335413,4,okay
